{"cameraMode":{"drawMode":0,"name":"Shaded","section":"Shading Mode"},"sceneLighting":true,"audioPlay":false,"sceneViewState":{"m_AlwaysRefresh":false,"showFog":true,"showSkybox":true,"showFlares":true,"showImageEffects":true,"showParticleSystems":true,"showVisualEffectGraphs":true,"m_FxEnabled":true},"in2DMode":false,"pivot":{"x":-8.823214530944825,"y":2.800436496734619,"z":-11.675898551940918},"rotation":{"x":0.06060517579317093,"y":0.09119025617837906,"z":-0.005611085798591375,"w":0.994013786315918},"size":0.12188228964805603,"orthographic":false}