{"cameraMode":{"drawMode":0,"name":"Shaded","section":"Shading Mode"},"sceneLighting":true,"audioPlay":false,"sceneViewState":{"m_AlwaysRefresh":false,"showFog":true,"showSkybox":true,"showFlares":true,"showImageEffects":true,"showParticleSystems":true,"showVisualEffectGraphs":true,"m_FxEnabled":true},"in2DMode":false,"pivot":{"x":-13.065813064575196,"y":-2.979990005493164,"z":-11.752781867980957},"rotation":{"x":0.04431507736444473,"y":-0.9556859731674194,"z":0.20609436929225923,"w":0.20549264550209046},"size":7.773902416229248,"orthographic":false}