{"cameraMode":{"drawMode":0,"name":"Shaded","section":"Shading Mode"},"sceneLighting":true,"audioPlay":false,"sceneViewState":{"m_AlwaysRefresh":false,"showFog":true,"showSkybox":true,"showFlares":true,"showImageEffects":true,"showParticleSystems":true,"showVisualEffectGraphs":true,"m_FxEnabled":true},"in2DMode":false,"pivot":{"x":-8.042720794677735,"y":2.068026304244995,"z":-25.642032623291017},"rotation":{"x":-0.00008103164145722985,"y":-0.9999478459358215,"z":-0.00510230241343379,"w":0.01168039534240961},"size":1.2526334524154664,"orthographic":false}