{"cameraMode":{"drawMode":0,"name":"Shaded","section":"Shading Mode"},"sceneLighting":true,"audioPlay":false,"sceneViewState":{"m_AlwaysRefresh":false,"showFog":true,"showSkybox":true,"showFlares":true,"showImageEffects":true,"showParticleSystems":true,"showVisualEffectGraphs":true,"m_FxEnabled":true},"in2DMode":false,"pivot":{"x":31.19999885559082,"y":-17.267000198364259,"z":6.139999866485596},"rotation":{"x":-0.011794719845056534,"y":-0.9344474077224731,"z":0.03114733286201954,"w":-0.3546247184276581},"size":0.4242643415927887,"orthographic":false}