{"cameraMode":{"drawMode":0,"name":"Shaded","section":"Shading Mode"},"sceneLighting":true,"audioPlay":false,"sceneViewState":{"m_AlwaysRefresh":false,"showFog":true,"showSkybox":true,"showFlares":true,"showImageEffects":true,"showParticleSystems":true,"showVisualEffectGraphs":true,"m_FxEnabled":true},"in2DMode":false,"pivot":{"x":19.68633460998535,"y":-0.08556747436523438,"z":-14.069137573242188},"rotation":{"x":0.10133785754442215,"y":0.7788066267967224,"z":-0.1303984373807907,"w":0.6052095293998718},"size":19.841354370117189,"orthographic":false}