{"cameraMode":{"drawMode":0,"name":"Shaded","section":"Shading Mode"},"sceneLighting":true,"audioPlay":false,"sceneViewState":{"m_AlwaysRefresh":false,"showFog":true,"showSkybox":true,"showFlares":true,"showImageEffects":true,"showParticleSystems":true,"showVisualEffectGraphs":true,"m_FxEnabled":true},"in2DMode":false,"pivot":{"x":-1.049828052520752,"y":0.41605138778686526,"z":-9.249293327331543},"rotation":{"x":0.15348964929580689,"y":0.48235511779785159,"z":-0.08627940714359284,"w":0.8580974340438843},"size":8.325434684753418,"orthographic":true}