{"cameraMode":{"drawMode":0,"name":"Shaded","section":"Shading Mode"},"sceneLighting":true,"audioPlay":false,"sceneViewState":{"m_AlwaysRefresh":false,"showFog":true,"showSkybox":true,"showFlares":true,"showImageEffects":true,"showParticleSystems":true,"showVisualEffectGraphs":true,"m_FxEnabled":true},"in2DMode":false,"pivot":{"x":10.797350883483887,"y":1.374027132987976,"z":0.7208471298217773},"rotation":{"x":-0.11815567314624787,"y":0.0336635559797287,"z":-0.004006773699074984,"w":-0.9924235343933106},"size":2.826539993286133,"orthographic":false}