{"cameraMode":{"drawMode":0,"name":"Shaded","section":"Shading Mode"},"sceneLighting":true,"audioPlay":false,"sceneViewState":{"m_AlwaysRefresh":false,"showFog":true,"showSkybox":true,"showFlares":true,"showImageEffects":true,"showParticleSystems":true,"showVisualEffectGraphs":true,"m_FxEnabled":true},"in2DMode":false,"pivot":{"x":8.166903495788575,"y":2.4143152236938478,"z":2.5915043354034426},"rotation":{"x":0.005772626027464867,"y":-0.40364402532577517,"z":0.002547050826251507,"w":0.9148949980735779},"size":5.000951766967773,"orthographic":false}