{"cameraMode":{"drawMode":0,"name":"Shaded","section":"Shading Mode"},"sceneLighting":true,"audioPlay":false,"sceneViewState":{"m_AlwaysRefresh":false,"showFog":true,"showSkybox":true,"showFlares":true,"showImageEffects":true,"showParticleSystems":true,"showVisualEffectGraphs":true,"m_FxEnabled":true},"in2DMode":false,"pivot":{"x":11.62189769744873,"y":1.8899210691452027,"z":26.454681396484376},"rotation":{"x":0.08254134654998779,"y":0.17868869006633759,"z":-0.015045260079205037,"w":0.9803222417831421},"size":47.467769622802737,"orthographic":false}