{"cameraMode":{"drawMode":0,"name":"Shaded","section":"Shading Mode"},"sceneLighting":true,"audioPlay":false,"sceneViewState":{"m_AlwaysRefresh":false,"showFog":true,"showSkybox":true,"showFlares":true,"showImageEffects":true,"showParticleSystems":true,"showVisualEffectGraphs":true,"m_FxEnabled":true},"in2DMode":false,"pivot":{"x":462.2217712402344,"y":40.69696044921875,"z":649.1904907226563},"rotation":{"x":0.14520418643951417,"y":0.09482725709676743,"z":-0.013982261531054974,"w":0.9847479462623596},"size":623.7852172851563,"orthographic":false}