{"cameraMode":{"drawMode":0,"name":"Shaded","section":"Shading Mode"},"sceneLighting":true,"audioPlay":false,"sceneViewState":{"m_AlwaysRefresh":false,"showFog":true,"showSkybox":true,"showFlares":true,"showImageEffects":true,"showParticleSystems":true,"showVisualEffectGraphs":true,"m_FxEnabled":true},"in2DMode":false,"pivot":{"x":-7.685730934143066,"y":2.0787250995635988,"z":-24.683507919311525},"rotation":{"x":-0.001787414774298668,"y":0.9979248642921448,"z":-0.030841270461678506,"w":-0.05721631273627281},"size":0.06816103309392929,"orthographic":false}