{"cameraMode":{"drawMode":0,"name":"Shaded","section":"Shading Mode"},"sceneLighting":true,"audioPlay":false,"sceneViewState":{"m_AlwaysRefresh":false,"showFog":true,"showSkybox":true,"showFlares":true,"showImageEffects":true,"showParticleSystems":true,"showVisualEffectGraphs":true,"m_FxEnabled":true},"in2DMode":false,"pivot":{"x":24.719131469726564,"y":-17.761566162109376,"z":-0.5263397693634033},"rotation":{"x":-0.011794719845056534,"y":-0.9344474077224731,"z":0.03114733286201954,"w":-0.3546247184276581},"size":1.2247449159622193,"orthographic":false}