{"cameraMode":{"drawMode":0,"name":"Shaded","section":"Shading Mode"},"sceneLighting":true,"audioPlay":false,"sceneViewState":{"m_AlwaysRefresh":false,"showFog":true,"showSkybox":true,"showFlares":true,"showImageEffects":true,"showParticleSystems":true,"showVisualEffectGraphs":true,"m_FxEnabled":true},"in2DMode":false,"pivot":{"x":11.928000450134278,"y":0.3840000033378601,"z":-11.210000038146973},"rotation":{"x":0.04951029270887375,"y":0.8798946738243103,"z":-0.09406477212905884,"w":0.4631272256374359},"size":2.9040896892547609,"orthographic":false}