{"cameraMode":{"drawMode":0,"name":"Shaded","section":"Shading Mode"},"sceneLighting":true,"audioPlay":false,"sceneViewState":{"m_AlwaysRefresh":false,"showFog":true,"showSkybox":true,"showFlares":true,"showImageEffects":true,"showParticleSystems":true,"showVisualEffectGraphs":true,"m_FxEnabled":true},"in2DMode":false,"pivot":{"x":42.62777328491211,"y":0.9021864533424377,"z":4.641873836517334},"rotation":{"x":0.01265009492635727,"y":0.5620773434638977,"z":-0.008601163513958454,"w":0.8269543647766113},"size":0.5464674234390259,"orthographic":false}