{"cameraMode":{"drawMode":0,"name":"Shaded","section":"Shading Mode"},"sceneLighting":true,"audioPlay":false,"sceneViewState":{"m_AlwaysRefresh":false,"showFog":true,"showSkybox":true,"showFlares":true,"showImageEffects":true,"showParticleSystems":true,"showVisualEffectGraphs":true,"m_FxEnabled":true},"in2DMode":false,"pivot":{"x":-2.65138578414917,"y":-0.8742115497589111,"z":38.96673583984375},"rotation":{"x":-0.13529804348945619,"y":-0.051406316459178928,"z":0.007030417211353779,"w":-0.9894490838050842},"size":27.89739418029785,"orthographic":false}