{"cameraMode":{"drawMode":0,"name":"Shaded","section":"Shading Mode"},"sceneLighting":true,"audioPlay":false,"sceneViewState":{"m_AlwaysRefresh":false,"showFog":true,"showSkybox":true,"showFlares":true,"showImageEffects":true,"showParticleSystems":true,"showVisualEffectGraphs":true,"m_FxEnabled":true},"in2DMode":false,"pivot":{"x":9.761696815490723,"y":-5.850515365600586,"z":10.605535507202149},"rotation":{"x":0.45442894101142886,"y":-0.07231857627630234,"z":0.037016693502664569,"w":0.8871217966079712},"size":31.22163963317871,"orthographic":false}