{"cameraMode":{"drawMode":0,"name":"Shaded","section":"Shading Mode"},"sceneLighting":true,"audioPlay":false,"sceneViewState":{"m_AlwaysRefresh":false,"showFog":true,"showSkybox":true,"showFlares":true,"showImageEffects":true,"showParticleSystems":true,"showVisualEffectGraphs":true,"m_FxEnabled":true},"in2DMode":false,"pivot":{"x":39.709224700927737,"y":13.191902160644532,"z":37.68657302856445},"rotation":{"x":-0.25337353348731997,"y":-0.14280323684215547,"z":0.03716762363910675,"w":-0.9563413858413696},"size":4.042041778564453,"orthographic":false}